depth,sound_speed
0,1484.5321057473345
5,1484.5321057473345
10,1484.5321057473345
15,1484.5321057473345
20,1484.5321057473345
25,1484.5321057473345
30,1484.5321057473345
35,1484.5321057473345
40,1484.5321057473345
45,1484.5321057473345
50,1484.5321057473345
55,1484.5321057473345
60,1484.5321057473345
65,1484.5321057473345
70,1484.5321057473345
75,1484.5321057473345
80,1484.5321057473345
85,1484.5321057473345
90,1484.5321057473345
95,1484.5321057473345
100,1484.5387724140012
105,1484.5587724140014
110,1484.5921057473345
115,1484.6387724140013
120,1484.6987724140013
125,1484.7721057473345
130,1484.8121057473345
135,1484.8521057473345
140,1484.8921057473344
145,1484.9321057473346
150,1484.9721057473346
155,1485.0121057473345
160,1485.0521057473345
165,1485.0921057473345
170,1485.1321057473344
175,1485.1721057473346
180,1485.2121057473346
185,1485.2521057473346
190,1485.2921057473345
195,1485.3321057473345
200,1485.3721057473344
205,1485.4121057473346
210,1485.4521057473346
215,1485.4921057473346
220,1485.5321057473345
225,1485.5721057473345
230,1485.6121057473345
235,1485.6521057473344
240,1485.6921057473346
245,1485.7321057473346
250,1485.7721057473345
255,1485.8121057473345
260,1485.8521057473345
265,1485.8921057473344
270,1485.9321057473346
275,1485.9721057473346
280,1486.0121057473345
285,1486.0521057473345
290,1486.0921057473345
295,1486.1321057473344
300,1486.1721057473346
305,1486.2121057473346
310,1486.2521057473346
315,1486.2921057473345
320,1486.3321057473345
325,1486.3721057473344
330,1486.4121057473346
335,1486.4521057473346
340,1486.4921057473346
345,1486.5321057473345
350,1486.5721057473345
355,1486.6121057473345
360,1486.6521057473344
365,1486.6921057473346
370,1486.7321057473346
375,1486.7721057473345
380,1486.8121057473345
385,1486.8521057473345
390,1486.8921057473344
395,1486.9321057473346
400,1486.9721057473346
405,1487.0121057473345
410,1487.0521057473345
415,1487.0921057473345
420,1487.1321057473344
425,1487.1721057473346
430,1487.2121057473346
435,1487.2521057473346
440,1487.2921057473345
445,1487.3321057473345
450,1487.3721057473344
455,1487.4121057473346
460,1487.4521057473346
465,1487.4921057473346
470,1487.5321057473345
475,1487.5721057473345
480,1487.6121057473345
485,1487.6521057473344
490,1487.6921057473346
495,1487.7321057473346
500,1487.7721057473345
